date,time,run_id,reason,method,status,consumed,run_calls,cumulative_total,endpoint
2026-08-03,00:50:22,20260803-005014,discovery:parts,GET,400,0,0,0,/api/parts/d/b6cb17a272a81e2049649d97/w/0d5e487a46c4ad6ff8cf268f/e/35aa82c92603710330ba2207
2026-08-03,00:57:19,20260803-005716,translate,POST,200,1,1,1,/api/partstudios/d/b6cb17a272a81e2049649d97/w/0d5e487a46c4ad6ff8cf268f/e/1f5cc8c63b87dcf62f713af0/translations
2026-08-03,00:57:27,20260803-005716,poll,GET,200,1,2,2,/api/translations/6a6fd95ecaff22fc7913e455
2026-08-03,01:01:50,20260803-010148,translate,POST,200,1,1,3,/api/partstudios/d/b6cb17a272a81e2049649d97/w/0d5e487a46c4ad6ff8cf268f/e/1f5cc8c63b87dcf62f713af0/translations
2026-08-03,01:01:58,20260803-010148,poll,GET,200,1,2,4,/api/translations/6a6fda6dcaff22fc7913e4cf
2026-08-03,01:02:04,20260803-010148,poll,GET,200,1,3,5,/api/translations/6a6fda6dcaff22fc7913e4cf
2026-08-03,01:02:04,20260803-010148,download,GET,200,1,4,6,/api/documents/d/b6cb17a272a81e2049649d97/externaldata/6a6fda77f876365cda369887
2026-08-03,01:16:58,20260803-011652,translate,POST,200,1,1,7,/api/partstudios/d/b6cb17a272a81e2049649d97/w/0d5e487a46c4ad6ff8cf268f/e/1f5cc8c63b87dcf62f713af0/translations
2026-08-03,01:17:06,20260803-011652,poll,GET,200,1,2,8,/api/translations/6a6fddfacaff22fc7913e67c
2026-08-03,01:17:07,20260803-011652,download,GET,200,1,3,9,/api/documents/d/b6cb17a272a81e2049649d97/externaldata/6a6fde019f09f157f86fda99
2026-08-04,15:46:20,20260804-154612,set-primary,POST,204,1,1,10,/api/variables/d/b6cb17a272a81e2049649d97/w/0d5e487a46c4ad6ff8cf268f/e/8aa4636cbb697a1091437161/variables
2026-08-04,22:53:28,20260804-225317,discovery:parts,GET,200,1,1,11,/api/parts/d/b6cb17a272a81e2049649d97/w/0d5e487a46c4ad6ff8cf268f/e/46a8affed99afb21fa7202d8
2026-08-04,22:53:29,20260804-225317,discovery:configuration,GET,200,1,2,12,/api/elements/d/b6cb17a272a81e2049649d97/w/0d5e487a46c4ad6ff8cf268f/e/46a8affed99afb21fa7202d8/configuration
2026-08-04,23:09:44,20260804-230939,set-primary,POST,204,1,1,13,/api/variables/d/b6cb17a272a81e2049649d97/w/0d5e487a46c4ad6ff8cf268f/e/8aa4636cbb697a1091437161/variables
2026-08-04,23:09:45,20260804-230939,encode,POST,404,0,1,13,/api/elements/d/b6cb17a272a81e2049649d97/w/0d5e487a46c4ad6ff8cf268f/e/46a8affed99afb21fa7202d8/configurationencodings
2026-08-04,23:11:30,20260804-231123,set-primary,POST,204,1,1,14,/api/variables/d/b6cb17a272a81e2049649d97/w/0d5e487a46c4ad6ff8cf268f/e/8aa4636cbb697a1091437161/variables
2026-08-04,23:11:30,20260804-231123,encode,POST,200,1,2,15,/api/elements/d/b6cb17a272a81e2049649d97/e/46a8affed99afb21fa7202d8/configurationencodings
2026-08-04,23:11:36,20260804-231123,translate,POST,200,1,3,16,/api/partstudios/d/b6cb17a272a81e2049649d97/w/0d5e487a46c4ad6ff8cf268f/e/46a8affed99afb21fa7202d8/translations
2026-08-04,23:11:45,20260804-231123,poll,GET,200,1,4,17,/api/translations/6a726393f616277dc89bb81b
2026-08-04,23:11:45,20260804-231123,download,GET,200,1,5,18,/api/documents/d/b6cb17a272a81e2049649d97/externaldata/6a72639b1ffae07b45dfc9c2
2026-08-04,23:13:21,20260804-231316,set-primary,POST,204,1,1,19,/api/variables/d/b6cb17a272a81e2049649d97/w/0d5e487a46c4ad6ff8cf268f/e/8aa4636cbb697a1091437161/variables
2026-08-04,23:13:21,20260804-231316,encode,POST,200,1,2,20,/api/elements/d/b6cb17a272a81e2049649d97/e/46a8affed99afb21fa7202d8/configurationencodings
2026-08-04,23:13:26,20260804-231316,translate,POST,200,1,3,21,/api/partstudios/d/b6cb17a272a81e2049649d97/w/0d5e487a46c4ad6ff8cf268f/e/46a8affed99afb21fa7202d8/translations
2026-08-04,23:13:34,20260804-231316,poll,GET,200,1,4,22,/api/translations/6a726401f616277dc89bbe75
2026-08-04,23:13:34,20260804-231316,download,GET,200,1,5,23,/api/documents/d/b6cb17a272a81e2049649d97/externaldata/6a72640806cd3864ba00ad8d
2026-08-04,23:16:44,20260804-231639,set-primary,POST,204,1,1,24,/api/variables/d/b6cb17a272a81e2049649d97/w/0d5e487a46c4ad6ff8cf268f/e/8aa4636cbb697a1091437161/variables
2026-08-04,23:16:44,20260804-231639,encode,POST,200,1,2,25,/api/elements/d/b6cb17a272a81e2049649d97/e/46a8affed99afb21fa7202d8/configurationencodings
2026-08-04,23:16:49,20260804-231639,translate,POST,200,1,3,26,/api/partstudios/d/b6cb17a272a81e2049649d97/w/0d5e487a46c4ad6ff8cf268f/e/46a8affed99afb21fa7202d8/translations
2026-08-04,23:16:57,20260804-231639,poll,GET,200,1,4,27,/api/translations/6a7264cdf616277dc89bc28b
2026-08-04,23:16:57,20260804-231639,download,GET,200,1,5,28,/api/documents/d/b6cb17a272a81e2049649d97/externaldata/6a7264d35189e1c023f30130
2026-08-04,23:39:06,20260804-233901,set-primary,POST,204,1,1,29,/api/variables/d/b6cb17a272a81e2049649d97/w/0d5e487a46c4ad6ff8cf268f/e/8aa4636cbb697a1091437161/variables
2026-08-04,23:39:15,20260804-233901,translate,POST,200,1,2,30,/api/partstudios/d/b6cb17a272a81e2049649d97/w/0d5e487a46c4ad6ff8cf268f/e/6a20c041a900d6b2fca960db/translations
2026-08-04,23:39:23,20260804-233901,poll,GET,200,1,3,31,/api/translations/6a726a0bf616277dc89bcce1
2026-08-04,23:39:23,20260804-233901,download,GET,200,1,4,32,/api/documents/d/b6cb17a272a81e2049649d97/externaldata/6a726a1745679df8cd297c9b
2026-08-04,23:40:38,20260804-234027,set-primary,POST,204,1,1,33,/api/variables/d/b6cb17a272a81e2049649d97/w/0d5e487a46c4ad6ff8cf268f/e/8aa4636cbb697a1091437161/variables
2026-08-04,23:40:45,20260804-234027,translate,POST,200,1,2,34,/api/partstudios/d/b6cb17a272a81e2049649d97/w/0d5e487a46c4ad6ff8cf268f/e/1f5cc8c63b87dcf62f713af0/translations
2026-08-04,23:40:53,20260804-234027,poll,GET,200,1,3,35,/api/translations/6a726a66f616277dc89bcdd6
2026-08-04,23:40:53,20260804-234027,download,GET,200,1,4,36,/api/documents/d/b6cb17a272a81e2049649d97/externaldata/6a726a734b577098386e5265
2026-08-04,23:40:56,20260804-234027,translate,POST,200,1,5,37,/api/partstudios/d/b6cb17a272a81e2049649d97/w/0d5e487a46c4ad6ff8cf268f/e/46a8affed99afb21fa7202d8/translations
2026-08-04,23:41:04,20260804-234027,poll,GET,200,1,6,38,/api/translations/6a726a76f616277dc89bcdf4
2026-08-04,23:41:05,20260804-234027,download,GET,200,1,7,39,/api/documents/d/b6cb17a272a81e2049649d97/externaldata/6a726a7b4b577098386e5268
2026-08-04,23:41:06,20260804-234027,translate,POST,200,1,8,40,/api/partstudios/d/b6cb17a272a81e2049649d97/w/0d5e487a46c4ad6ff8cf268f/e/46a8affed99afb21fa7202d8/translations
2026-08-04,23:41:15,20260804-234027,poll,GET,200,1,9,41,/api/translations/6a726a81f616277dc89bce3b
2026-08-04,23:41:15,20260804-234027,download,GET,200,1,10,42,/api/documents/d/b6cb17a272a81e2049649d97/externaldata/6a726a854b577098386e526b
2026-08-04,23:41:16,20260804-234027,translate,POST,200,1,11,43,/api/partstudios/d/b6cb17a272a81e2049649d97/w/0d5e487a46c4ad6ff8cf268f/e/46a8affed99afb21fa7202d8/translations
2026-08-04,23:41:24,20260804-234027,poll,GET,200,1,12,44,/api/translations/6a726a8cf616277dc89bce43
2026-08-04,23:41:24,20260804-234027,download,GET,200,1,13,45,/api/documents/d/b6cb17a272a81e2049649d97/externaldata/6a726a8eef3afd204b919a4e
2026-08-04,23:41:26,20260804-234027,translate,POST,200,1,14,46,/api/partstudios/d/b6cb17a272a81e2049649d97/w/0d5e487a46c4ad6ff8cf268f/e/46a8affed99afb21fa7202d8/translations
2026-08-04,23:41:34,20260804-234027,poll,GET,200,1,15,47,/api/translations/6a726a95f616277dc89bce4c
2026-08-04,23:41:35,20260804-234027,download,GET,200,1,16,48,/api/documents/d/b6cb17a272a81e2049649d97/externaldata/6a726a98ef3afd204b919a52
2026-08-04,23:41:36,20260804-234027,translate,POST,200,1,17,49,/api/partstudios/d/b6cb17a272a81e2049649d97/w/0d5e487a46c4ad6ff8cf268f/e/46a8affed99afb21fa7202d8/translations
2026-08-04,23:41:44,20260804-234027,poll,GET,200,1,18,50,/api/translations/6a726a9ff616277dc89bce51
2026-08-04,23:41:44,20260804-234027,download,GET,200,1,19,51,/api/documents/d/b6cb17a272a81e2049649d97/externaldata/6a726aa2ef3afd204b919a54
2026-08-06,17:28:30,20260806-172824,set-primary,POST,204,1,1,52,/api/variables/d/b6cb17a272a81e2049649d97/w/0d5e487a46c4ad6ff8cf268f/e/8aa4636cbb697a1091437161/variables
2026-08-06,17:28:35,20260806-172824,translate,POST,200,1,2,53,/api/partstudios/d/b6cb17a272a81e2049649d97/w/0d5e487a46c4ad6ff8cf268f/e/8b9578cb73a2958f625ee53d/translations
2026-08-06,17:28:44,20260806-172824,poll,GET,200,1,3,54,/api/translations/6a74b62f20b48da117b916a3
2026-08-06,17:28:44,20260806-172824,download,GET,200,1,4,55,/api/documents/d/b6cb17a272a81e2049649d97/externaldata/6a74b6360ec901daba066507
2026-08-07,15:47:47,20260807-154734,set-primary,POST,204,1,1,56,/api/variables/d/b6cb17a272a81e2049649d97/w/0d5e487a46c4ad6ff8cf268f/e/8aa4636cbb697a1091437161/variables
2026-08-07,15:47:51,20260807-154734,translate,POST,200,1,2,57,/api/partstudios/d/b6cb17a272a81e2049649d97/w/0d5e487a46c4ad6ff8cf268f/e/6a20c041a900d6b2fca960db/translations
2026-08-07,15:47:59,20260807-154734,poll,GET,200,1,3,58,/api/translations/6a75f013cc8c751fe9eb4b61
2026-08-07,15:48:00,20260807-154734,download,GET,200,1,4,59,/api/documents/d/b6cb17a272a81e2049649d97/externaldata/6a75f01a851fee942ed326f8
2026-08-07,15:48:13,20260807-154734,translate,POST,200,1,5,60,/api/partstudios/d/b6cb17a272a81e2049649d97/w/0d5e487a46c4ad6ff8cf268f/e/1f5cc8c63b87dcf62f713af0/translations
2026-08-07,15:48:21,20260807-154734,poll,GET,200,1,6,61,/api/translations/6a75f020cc8c751fe9eb4b89
2026-08-07,15:48:27,20260807-154734,poll,GET,200,1,7,62,/api/translations/6a75f020cc8c751fe9eb4b89
2026-08-07,15:48:27,20260807-154734,download,GET,200,1,8,63,/api/documents/d/b6cb17a272a81e2049649d97/externaldata/6a75f0368be5a8bb82077e94
2026-08-07,15:48:37,20260807-154734,translate,POST,200,1,9,64,/api/partstudios/d/b6cb17a272a81e2049649d97/w/0d5e487a46c4ad6ff8cf268f/e/8b9578cb73a2958f625ee53d/translations
2026-08-07,15:48:45,20260807-154734,poll,GET,200,1,10,65,/api/translations/6a75f03ccc8c751fe9eb4c1a
2026-08-07,15:48:45,20260807-154734,download,GET,200,1,11,66,/api/documents/d/b6cb17a272a81e2049649d97/externaldata/6a75f0478be5a8bb82077e98
2026-08-07,15:48:53,20260807-154734,translate,POST,200,1,12,67,/api/partstudios/d/b6cb17a272a81e2049649d97/w/0d5e487a46c4ad6ff8cf268f/e/46a8affed99afb21fa7202d8/translations
2026-08-07,15:49:01,20260807-154734,poll,GET,200,1,13,68,/api/translations/6a75f04ecc8c751fe9eb4c4e
2026-08-07,15:49:02,20260807-154734,download,GET,200,1,14,69,/api/documents/d/b6cb17a272a81e2049649d97/externaldata/6a75f057851fee942ed32710
2026-08-07,15:49:03,20260807-154734,translate,POST,200,1,15,70,/api/partstudios/d/b6cb17a272a81e2049649d97/w/0d5e487a46c4ad6ff8cf268f/e/46a8affed99afb21fa7202d8/translations
2026-08-07,15:49:11,20260807-154734,poll,GET,200,1,16,71,/api/translations/6a75f05ecc8c751fe9eb4c7b
2026-08-07,15:49:12,20260807-154734,download,GET,200,1,17,72,/api/documents/d/b6cb17a272a81e2049649d97/externaldata/6a75f0628aeb4402f70d6610
2026-08-07,15:49:13,20260807-154734,translate,POST,200,1,18,73,/api/partstudios/d/b6cb17a272a81e2049649d97/w/0d5e487a46c4ad6ff8cf268f/e/46a8affed99afb21fa7202d8/translations
2026-08-07,15:49:22,20260807-154734,poll,GET,200,1,19,74,/api/translations/6a75f068cc8c751fe9eb4cfb
2026-08-07,15:49:22,20260807-154734,download,GET,200,1,20,75,/api/documents/d/b6cb17a272a81e2049649d97/externaldata/6a75f06c8be5a8bb82077ea3
2026-08-07,15:49:24,20260807-154734,translate,POST,200,1,21,76,/api/partstudios/d/b6cb17a272a81e2049649d97/w/0d5e487a46c4ad6ff8cf268f/e/46a8affed99afb21fa7202d8/translations
2026-08-07,15:49:32,20260807-154734,poll,GET,200,1,22,77,/api/translations/6a75f072cc8c751fe9eb4d35
2026-08-07,15:49:32,20260807-154734,download,GET,200,1,23,78,/api/documents/d/b6cb17a272a81e2049649d97/externaldata/6a75f0768aeb4402f70d6616
2026-08-07,15:49:34,20260807-154734,translate,POST,200,1,24,79,/api/partstudios/d/b6cb17a272a81e2049649d97/w/0d5e487a46c4ad6ff8cf268f/e/46a8affed99afb21fa7202d8/translations
2026-08-07,15:49:42,20260807-154734,poll,GET,200,1,25,80,/api/translations/6a75f07ccc8c751fe9eb4e2e
2026-08-07,15:49:47,20260807-154734,poll,GET,200,1,26,81,/api/translations/6a75f07ccc8c751fe9eb4e2e
2026-08-07,15:49:47,20260807-154734,download,GET,200,1,27,82,/api/documents/d/b6cb17a272a81e2049649d97/externaldata/6a75f0868aeb4402f70d661c
2026-08-07,15:49:52,20260807-154734,translate,POST,200,1,28,83,/api/partstudios/d/b6cb17a272a81e2049649d97/w/0d5e487a46c4ad6ff8cf268f/e/46a8affed99afb21fa7202d8/translations
2026-08-07,15:50:00,20260807-154734,poll,GET,200,1,29,84,/api/translations/6a75f08c44e5ffcc4d2b86e0
2026-08-07,15:50:00,20260807-154734,download,GET,200,1,30,85,/api/documents/d/b6cb17a272a81e2049649d97/externaldata/6a75f095da6a59653b94cc6a
